login,full_name,created_at,stargazers_count,watchers_count,language,has_projects,has_wiki,license_name
nicknochnack,nicknochnack/ActionDetectionforSignLanguage,2021-06-16T09:12:01Z,409,409,Jupyter Notebook,True,True,
nicknochnack,nicknochnack/AdvancedHandPoseWithMediaPipe,2021-04-25T00:13:57Z,37,37,Jupyter Notebook,True,True,
nicknochnack,nicknochnack/ANPRwithPython,2020-12-13T04:39:49Z,106,106,Jupyter Notebook,True,True,
nicknochnack,nicknochnack/AutoStreamlit,2022-10-25T21:25:41Z,72,72,Jupyter Notebook,True,True,
nicknochnack,nicknochnack/beeagent,2024-09-19T08:05:08Z,8,8,TypeScript,True,True,
nicknochnack,nicknochnack/BERTSentiment,2021-05-27T00:46:57Z,62,62,Jupyter Notebook,True,True,
nicknochnack,nicknochnack/BinanceEDA,2021-06-10T01:10:15Z,39,39,Jupyter Notebook,True,True,
nicknochnack,nicknochnack/Blenderbot,2021-10-16T23:24:49Z,5,5,Jupyter Notebook,True,True,
nicknochnack,nicknochnack/Body-Language-Decoder,2021-04-19T00:54:25Z,100,100,Jupyter Notebook,True,True,
nicknochnack,nicknochnack/BodyPixBackgroundRemoval,2021-05-13T00:06:34Z,25,25,Jupyter Notebook,True,True,
nicknochnack,nicknochnack/BudgetBot,2020-09-17T13:05:01Z,1,1,,True,True,
nicknochnack,nicknochnack/CFN2.0,2024-07-26T00:55:29Z,4,4,JavaScript,True,True,
nicknochnack,nicknochnack/ChatGPTAPI,2023-03-07T03:36:29Z,59,59,Python,True,True,
nicknochnack,nicknochnack/ChatGPTWatson,2023-03-09T04:31:09Z,8,8,,True,True,
nicknochnack,nicknochnack/Cloud-Pak-For-Data-Data-to-Deployment,2021-01-15T00:35:19Z,5,5,Jupyter Notebook,True,True,
nicknochnack,nicknochnack/CNNLayers,2022-05-29T02:30:51Z,17,17,Jupyter Notebook,True,True,
nicknochnack,nicknochnack/Code-That-ReactStableDiffusion,2022-11-04T10:42:52Z,96,96,JavaScript,True,True,
nicknochnack,nicknochnack/CodeThat-FastML,2022-08-11T23:39:21Z,16,16,Python,True,True,
nicknochnack,nicknochnack/CodeTHat-MiDaS,2023-01-06T00:56:24Z,17,17,Python,True,True,
nicknochnack,nicknochnack/CodeThatObjectDetection,2022-10-07T04:05:14Z,10,10,Python,True,True,
nicknochnack,nicknochnack/CognosAnalyticsPython,2019-10-31T06:49:05Z,2,2,Jupyter Notebook,True,True,
nicknochnack,nicknochnack/ColumnTransformerPractice,2022-07-25T08:30:28Z,5,5,Jupyter Notebook,True,True,
nicknochnack,nicknochnack/CommentToxicity,2022-04-28T07:14:55Z,44,44,Jupyter Notebook,True,True,
nicknochnack,nicknochnack/CrewAIPropertyBot,2024-04-11T04:23:33Z,40,40,Python,True,True,
nicknochnack,nicknochnack/CubewiseConferenceMerchDecisionOptimization,2019-08-21T05:34:29Z,0,0,Jupyter Notebook,True,True,
nicknochnack,nicknochnack/CubewiseConferenceMerchOptimization,2019-08-21T05:14:42Z,0,0,Jupyter Notebook,True,True,
nicknochnack,nicknochnack/CustomGestureRecognition,2020-12-10T05:56:07Z,10,10,JavaScript,True,True,
nicknochnack,nicknochnack/CustomObjectDetectionReactJSTensorflow,2020-11-17T22:21:02Z,13,13,JavaScript,True,True,
nicknochnack,nicknochnack/DataFrameAgentWatsonx,2024-10-04T03:37:19Z,6,6,Python,True,True,
nicknochnack,nicknochnack/DataScienceCheatsheet,2021-03-07T01:29:02Z,137,137,,True,True,
brendangregg,brendangregg/bcc,2015-08-18T20:05:02Z,62,62,C,True,True,Apache License 2.0
brendangregg,brendangregg/bcc-1,2015-11-06T20:02:59Z,0,0,Python,True,True,
brendangregg,brendangregg/bpf-docs,2019-07-07T22:52:30Z,11,11,,True,True,
brendangregg,brendangregg/bpf-perf-tools-book,2019-05-13T18:11:59Z,1623,1623,Python,True,True,
brendangregg,brendangregg/bpf-perf-workshop,2019-10-27T03:19:22Z,183,183,C,True,True,
brendangregg,brendangregg/BPF-tools,2014-06-09T07:39:58Z,121,121,C,True,True,
brendangregg,brendangregg/bpf-typewriter,2019-12-22T20:34:50Z,23,23,,True,True,
brendangregg,brendangregg/bpftrace,2018-02-27T21:42:29Z,20,20,C++,True,False,Apache License 2.0
brendangregg,brendangregg/bpftrace-tetris,2019-12-17T21:15:35Z,4,4,Shell,True,True,
brendangregg,brendangregg/brendangregg.github.io,2015-07-26T23:54:17Z,3,3,HTML,True,True,
brendangregg,brendangregg/Chaosreader,2014-04-10T00:56:54Z,224,224,,True,True,
brendangregg,brendangregg/d3-flame-graph,2015-10-07T00:04:46Z,11,11,JavaScript,True,False,Apache License 2.0
brendangregg,brendangregg/DTrace-book-scripts,2014-06-14T19:39:07Z,171,171,,True,True,
brendangregg,brendangregg/dtrace-cloud-tools,2012-08-13T22:50:54Z,203,203,D,True,True,
brendangregg,brendangregg/DTrace-tools,2014-11-02T17:15:41Z,68,68,DTrace,True,True,
brendangregg,brendangregg/DTraceToolkit,2011-11-13T22:21:55Z,16,16,,True,True,
brendangregg,brendangregg/Dump2PNG,2012-05-05T21:31:52Z,40,40,C,True,True,
brendangregg,brendangregg/FlameGraph,2011-12-16T02:20:53Z,17285,17285,Perl,True,True,
brendangregg,brendangregg/FlameScope,2017-02-24T19:39:43Z,13,13,Perl,True,True,
brendangregg,brendangregg/GuessingGame,2011-11-12T22:49:49Z,34,34,Batchfile,True,True,
brendangregg,brendangregg/HeatMap,2013-05-19T18:07:19Z,311,311,Perl,True,True,
brendangregg,brendangregg/hexyl,2019-10-26T16:39:20Z,4,4,,True,True,Apache License 2.0
brendangregg,brendangregg/llnode,2016-07-09T00:23:16Z,1,1,C++,True,True,
brendangregg,brendangregg/metrics-catalog,2014-05-15T21:37:32Z,18,18,,True,True,
brendangregg,brendangregg/Misc,2014-05-07T07:55:05Z,65,65,Shell,True,True,
brendangregg,brendangregg/msr-cloud-tools,2014-09-15T22:30:36Z,177,177,Shell,True,True,
brendangregg,brendangregg/p1bench,2018-03-15T18:37:23Z,20,20,C,True,True,
brendangregg,brendangregg/perf-labs,2015-05-21T21:24:19Z,97,97,C,True,True,MIT License
brendangregg,brendangregg/perf-map-agent,2014-12-04T06:01:47Z,2,2,C,True,True,GNU General Public License v2.0
brendangregg,brendangregg/perf-tools,2014-07-10T19:54:14Z,9870,9870,Shell,True,True,GNU General Public License v2.0
cornflourblue,cornflourblue/angu-fixed-header-table,2014-06-03T01:53:54Z,67,67,JavaScript,True,True,MIT License
cornflourblue,cornflourblue/angular-10-alert-notifications,2020-07-16T10:49:14Z,14,14,TypeScript,True,True,MIT License
cornflourblue,cornflourblue/angular-10-basic-authentication-example,2020-10-17T00:43:52Z,12,12,TypeScript,True,True,MIT License
cornflourblue,cornflourblue/angular-10-custom-modal,2020-09-24T10:02:08Z,20,20,TypeScript,True,True,MIT License
cornflourblue,cornflourblue/angular-10-facebook-login-example,2020-09-18T03:49:47Z,16,16,TypeScript,True,True,MIT License
cornflourblue,cornflourblue/angular-10-jwt-authentication-example,2020-07-09T01:16:37Z,53,53,TypeScript,True,True,MIT License
cornflourblue,cornflourblue/angular-10-jwt-refresh-tokens,2020-07-25T02:24:55Z,57,57,TypeScript,True,True,MIT License
cornflourblue,cornflourblue/angular-10-registration-login-example,2020-07-17T09:24:48Z,124,124,TypeScript,True,True,MIT License
cornflourblue,cornflourblue/angular-10-role-based-authorization-example,2020-09-08T09:58:33Z,35,35,TypeScript,True,True,MIT License
cornflourblue,cornflourblue/angular-10-signup-verification-boilerplate,2020-08-25T09:49:18Z,68,68,TypeScript,True,True,MIT License
cornflourblue,cornflourblue/angular-11-crud-example,2020-12-15T08:33:20Z,35,35,TypeScript,True,True,MIT License
cornflourblue,cornflourblue/angular-14-alert-notifications,2022-11-23T00:13:07Z,1,1,TypeScript,True,True,MIT License
cornflourblue,cornflourblue/angular-14-basic-authentication-example,2022-12-27T05:41:49Z,10,10,TypeScript,True,True,MIT License
cornflourblue,cornflourblue/angular-14-crud-example,2022-12-21T06:50:49Z,6,6,TypeScript,True,True,MIT License
cornflourblue,cornflourblue/angular-14-dynamic-form-example,2022-12-23T03:49:24Z,0,0,TypeScript,True,True,MIT License
cornflourblue,cornflourblue/angular-14-facebook-login-example,2023-01-13T06:22:18Z,9,9,TypeScript,True,True,MIT License
cornflourblue,cornflourblue/angular-14-jwt-authentication-example,2022-11-15T00:16:15Z,17,17,TypeScript,True,True,MIT License
cornflourblue,cornflourblue/angular-14-jwt-refresh-tokens,2022-12-08T02:23:34Z,13,13,TypeScript,True,True,MIT License
cornflourblue,cornflourblue/angular-14-modal-popup-example,2023-01-03T07:16:11Z,4,4,TypeScript,True,True,MIT License
cornflourblue,cornflourblue/angular-14-paging-sorting-example,2022-12-13T07:01:47Z,4,4,TypeScript,True,True,MIT License
cornflourblue,cornflourblue/angular-14-reactive-forms-validation-example,2022-12-16T07:46:03Z,2,2,TypeScript,True,True,MIT License
cornflourblue,cornflourblue/angular-14-registration-login-example,2022-11-29T06:10:33Z,28,28,TypeScript,True,True,MIT License
cornflourblue,cornflourblue/angular-14-role-based-authorization-example,2022-12-22T06:12:45Z,11,11,TypeScript,True,True,MIT License
cornflourblue,cornflourblue/angular-14-template-driven-form-validation-example,2022-12-18T06:02:16Z,2,2,TypeScript,True,True,MIT License
cornflourblue,cornflourblue/angular-15-signup-verification-boilerplate,2023-04-20T04:05:00Z,13,13,TypeScript,True,True,MIT License
cornflourblue,cornflourblue/angular-16-tutorial,2023-05-11T04:03:36Z,40,40,TypeScript,True,True,MIT License
cornflourblue,cornflourblue/angular-6-basic-authentication-example,2018-09-06T09:49:31Z,26,26,TypeScript,True,True,MIT License
cornflourblue,cornflourblue/angular-6-communicating-between-components,2018-06-25T08:30:19Z,10,10,TypeScript,True,True,MIT License
cornflourblue,cornflourblue/angular-6-custom-modal,2018-05-24T08:35:55Z,28,28,TypeScript,True,True,MIT License
cornflourblue,cornflourblue/angular-6-jwt-authentication-example,2018-05-21T21:58:16Z,124,124,TypeScript,True,True,MIT License
0vm,0vm/0vm,2022-05-02T07:47:41Z,28,28,,True,True,
0vm,0vm/account-age-exploit,2023-08-05T09:04:17Z,22,22,,True,True,
0vm,0vm/BasicC2,2023-07-22T07:35:45Z,32,32,Python,True,True,MIT License
0vm,0vm/github-activity-generator,2023-08-05T07:08:20Z,25,25,Python,True,True,Apache License 2.0
0vm,0vm/Pinger,2022-06-09T15:01:50Z,21,21,C#,True,True,
0vm,0vm/RAM-Limiter,2022-06-10T03:05:07Z,104,104,C#,True,True,
0vm,0vm/SendIt-Spammer,2022-09-14T07:53:48Z,11,11,Python,True,True,
0vm,0vm/Simple-HWID-Checker,2023-07-15T07:35:17Z,32,32,C++,True,True,MIT License
0vm,0vm/twitch-username-checker,2023-07-09T01:19:24Z,13,13,JavaScript,True,True,MIT License
0vm,0vm/workers-http-auth,2023-08-02T09:43:59Z,12,12,JavaScript,True,True,
davecheney,davecheney/8cc,2014-06-05T06:07:38Z,2,2,C,True,True,Other
davecheney,davecheney/a,2013-01-14T23:15:26Z,1,1,Go,True,True,
davecheney,davecheney/affinity,2014-01-06T23:05:54Z,3,3,Go,True,True,GNU Affero General Public License v3.0
davecheney,davecheney/afp,2011-12-03T11:52:33Z,13,13,Go,True,True,
davecheney,davecheney/arduino6502,2017-04-08T10:05:58Z,15,15,C,False,True,"BSD 2-Clause ""Simplified"" License"
davecheney,davecheney/august-go-in-action-draw,2012-08-14T04:38:14Z,2,2,Go,True,True,
davecheney,davecheney/autobench,2013-03-28T11:17:01Z,99,99,Go,True,True,
davecheney,davecheney/avr11,2014-01-10T09:32:43Z,59,59,C++,True,True,Do What The F*ck You Want To Public License
davecheney,davecheney/badidea,2020-02-16T00:08:33Z,29,29,Go,True,True,"BSD 2-Clause ""Simplified"" License"
davecheney,davecheney/benandjerry,2014-06-26T23:15:30Z,5,5,Go,True,True,
davecheney,davecheney/benchall,2017-10-01T03:01:17Z,6,6,Go,True,True,
davecheney,davecheney/benchgogs,2016-03-31T23:38:59Z,2,2,Go,True,True,
davecheney,davecheney/benchjuju,2016-03-07T22:34:39Z,7,7,Go,True,True,
davecheney,davecheney/benchkube,2016-03-08T07:26:18Z,1,1,Go,True,True,
davecheney,davecheney/benchmark,2010-01-29T05:59:15Z,3,3,Java,True,True,
davecheney,davecheney/bfk,2013-07-18T05:00:08Z,1,1,Go,True,True,
davecheney,davecheney/buspirate,2014-08-27T10:45:29Z,4,4,Go,True,True,"BSD 2-Clause ""Simplified"" License"
davecheney,davecheney/calendar,2010-01-13T09:33:41Z,5,5,Java,True,True,
davecheney,davecheney/canberra-gophers,2014-08-12T01:03:00Z,2,2,Go,True,True,
davecheney,davecheney/ccode,2013-09-07T01:55:31Z,31,31,Go,True,True,
davecheney,davecheney/cheney-base-pom,2010-01-14T09:34:29Z,2,2,,True,True,
davecheney,davecheney/cocktail,2010-04-18T04:59:37Z,3,3,Java,True,True,
davecheney,davecheney/code,2014-05-24T01:44:45Z,1,1,Go,True,True,
davecheney,davecheney/conflux,2014-01-06T23:05:40Z,3,3,Go,True,True,GNU General Public License v3.0
davecheney,davecheney/contour,2017-10-31T06:22:59Z,3,3,Go,True,True,Apache License 2.0
davecheney,davecheney/copilot-docs,2022-06-03T02:36:14Z,6,6,,True,False,Creative Commons Attribution 4.0 International
davecheney,davecheney/cpp11,2014-09-02T11:19:42Z,22,22,C++,True,True,
davecheney,davecheney/crawl-e,2013-08-03T12:42:37Z,4,4,Go,True,True,
davecheney,davecheney/dbus,2012-07-15T04:35:42Z,4,4,Go,True,True,MIT License
davecheney,davecheney/dbus-old,2012-05-13T01:02:09Z,5,5,Go,True,True,
JedWatson,JedWatson/6to5.github.io,2015-01-18T12:12:39Z,1,1,CSS,True,True,
JedWatson,JedWatson/aba,2015-09-07T05:21:04Z,4,4,JavaScript,True,True,MIT License
JedWatson,JedWatson/admin-ui-prototype,2014-06-23T08:41:22Z,2,2,CSS,True,True,
JedWatson,JedWatson/advanced-react-rerecord,2020-10-28T13:23:06Z,1,1,JavaScript,True,True,
JedWatson,JedWatson/alloyeditor-react-component,2016-02-04T14:32:41Z,0,0,JavaScript,True,True,MIT License
JedWatson,JedWatson/aphrodite,2016-06-17T04:51:25Z,0,0,JavaScript,True,True,
JedWatson,JedWatson/app,2017-03-04T06:56:03Z,0,0,JavaScript,True,True,
JedWatson,JedWatson/asyncdi,2015-03-08T11:25:12Z,9,9,JavaScript,True,True,MIT License
JedWatson,JedWatson/awesome-react,2014-10-28T16:02:17Z,8,8,,True,True,
JedWatson,JedWatson/babel-plugin-example,2015-04-08T14:46:45Z,5,5,JavaScript,True,True,
JedWatson,JedWatson/blacklist,2015-03-27T04:04:59Z,1,1,JavaScript,True,True,MIT License
JedWatson,JedWatson/block-timer,2014-06-12T06:59:37Z,8,8,JavaScript,True,True,MIT License
JedWatson,JedWatson/builder-autoprefixer,2014-06-17T13:56:18Z,2,2,JavaScript,True,False,
JedWatson,JedWatson/bytes.js,2015-04-23T12:45:24Z,0,0,JavaScript,True,True,MIT License
JedWatson,JedWatson/campjs,2014-04-14T14:32:06Z,1,1,CSS,True,True,
JedWatson,JedWatson/campjs-v,2015-05-18T04:59:24Z,1,1,HTML,True,True,
JedWatson,JedWatson/cfp-2015,2015-02-11T11:54:34Z,0,0,,True,True,
JedWatson,JedWatson/classnames,2014-11-05T00:44:31Z,17590,17590,JavaScript,True,True,MIT License
JedWatson,JedWatson/cloudinary_npm,2015-08-09T08:45:28Z,1,1,CoffeeScript,True,True,
JedWatson,JedWatson/editor-ui-playground,2023-05-18T02:02:38Z,1,1,TypeScript,True,True,
JedWatson,JedWatson/eslint,2015-03-30T05:03:23Z,1,1,JavaScript,True,False,Other
JedWatson,JedWatson/eslint.github.io,2015-03-30T05:00:04Z,1,1,JavaScript,True,True,MIT License
JedWatson,JedWatson/exenv,2015-04-14T01:34:06Z,233,233,JavaScript,True,True,Other
JedWatson,JedWatson/express-validator,2013-08-09T07:39:55Z,1,1,JavaScript,True,True,
JedWatson,JedWatson/express-workshop,2016-09-10T03:26:24Z,0,0,CSS,True,True,MIT License
JedWatson,JedWatson/express-workshop-complete,2016-11-18T12:41:16Z,0,0,CSS,True,True,
JedWatson,JedWatson/expressjs.com,2016-07-01T15:24:55Z,0,0,HTML,True,True,
JedWatson,JedWatson/field-marshal,2013-09-25T13:10:23Z,0,0,CoffeeScript,True,True,
JedWatson,JedWatson/flow-typed,2017-11-21T04:57:39Z,1,1,JavaScript,True,True,MIT License
JedWatson,JedWatson/generator-react-component,2014-11-22T06:43:44Z,220,220,JavaScript,True,True,MIT License
dragen1860,dragen1860/996.ICU,2019-04-03T00:50:09Z,1,1,Rust,True,True,Other
dragen1860,dragen1860/ACAI,2018-10-23T12:33:41Z,0,0,Python,True,True,Apache License 2.0
dragen1860,dragen1860/aeml,2018-10-16T11:20:19Z,0,0,Python,True,True,
dragen1860,dragen1860/AutoPyTorch,2018-12-18T04:30:13Z,2,2,,True,True,
dragen1860,dragen1860/awesome-AutoML,2018-12-17T07:44:09Z,90,90,,True,True,
dragen1860,dragen1860/awesome-causal-reasoning,2018-11-02T01:52:44Z,15,15,,True,True,
dragen1860,dragen1860/Awesome-Graph-Neural-Networks,2019-04-22T01:34:20Z,10,10,,True,True,
dragen1860,dragen1860/awesome-meta-learning,2018-10-15T09:04:19Z,554,554,,True,True,
dragen1860,dragen1860/CACTU,2018-10-15T06:32:34Z,2,2,Python,True,True,MIT License
dragen1860,dragen1860/CapsNet-Pytorch,2017-11-02T09:48:15Z,45,45,Python,True,True,
dragen1860,dragen1860/Casual-Reasoning-Papers,2018-03-29T06:02:52Z,4,4,,True,True,MIT License
dragen1860,dragen1860/Coarse_ImageNet_Labels,2020-05-13T02:26:52Z,2,2,,True,True,
dragen1860,dragen1860/CodeEpisode,2015-11-10T07:56:52Z,0,0,Python,True,True,
dragen1860,dragen1860/CVE-2022-38694_unlock_bootloader,2024-06-27T02:19:11Z,0,0,,True,True,
dragen1860,dragen1860/DARTS-PyTorch,2018-12-20T12:17:07Z,82,82,Python,True,True,
dragen1860,dragen1860/Deep-Learning-with-PyTorch-book,2020-04-04T02:08:47Z,131,131,,True,True,
dragen1860,dragen1860/Deep-Learning-with-PyTorch-Tutorials,2018-11-26T04:21:46Z,2834,2834,Python,True,True,
dragen1860,dragen1860/Deep-Learning-with-TensorFlow-book,2019-06-16T05:53:27Z,13195,13195,Jupyter Notebook,True,True,
dragen1860,dragen1860/DeepEmbeddingModel_ZSL-Pytorch,2018-02-07T09:10:03Z,60,60,Python,True,True,
dragen1860,dragen1860/DenoisingDiffusionProbabilityModel-cifar,2023-02-28T07:50:16Z,0,0,,True,True,MIT License
dragen1860,dragen1860/DLUtils,2019-01-28T01:11:42Z,1,1,Python,True,True,
dragen1860,dragen1860/dragen1860.github.io,2016-03-07T08:12:14Z,4,4,HTML,True,True,
dragen1860,dragen1860/DRL-tutorial,2017-12-07T07:06:56Z,5,5,Python,True,True,
dragen1860,dragen1860/FaceScore,2015-11-07T14:47:18Z,2,2,C++,True,True,
dragen1860,dragen1860/FaceShifter,2020-05-14T06:49:01Z,0,0,,True,True,
dragen1860,dragen1860/FAUL,2018-11-02T11:38:05Z,0,0,Python,True,True,
dragen1860,dragen1860/FAUL2,2018-11-06T11:56:30Z,0,0,Python,True,True,
dragen1860,dragen1860/GAN,2018-02-18T12:28:40Z,5,5,Python,True,True,
dragen1860,dragen1860/gbn,2019-06-03T05:56:09Z,0,0,,True,True,
dragen1860,dragen1860/GCN-PyTorch,2019-04-30T07:10:56Z,388,388,Python,True,True,
thombergs,thombergs/accessible-forms-example,2013-07-23T20:23:47Z,4,4,,True,True,
thombergs,thombergs/airline,2013-10-09T18:02:22Z,1,1,Java,True,True,Apache License 2.0
thombergs,thombergs/angular,2014-06-29T11:28:52Z,0,0,,True,True,Apache License 2.0
thombergs,thombergs/anki-drive-java,2017-04-03T14:54:22Z,0,0,Java,True,True,MIT License
thombergs,thombergs/architecture_decision_record,2020-05-03T10:50:06Z,1,1,,True,True,
thombergs,thombergs/articles,2021-06-26T01:25:19Z,0,0,,True,True,
thombergs,thombergs/aws-cloudformation-fargate,2020-04-19T21:36:45Z,0,0,,True,True,Apache License 2.0
thombergs,thombergs/blogs,2013-12-07T13:42:50Z,0,0,JavaScript,True,False,
thombergs,thombergs/boxtime-cli,2022-12-24T03:26:04Z,7,7,Kotlin,True,True,
thombergs,thombergs/buckpal,2019-05-08T21:29:43Z,2184,2184,Java,True,True,
thombergs,thombergs/cdc-workshop,2018-03-15T19:06:28Z,8,8,Java,True,True,
thombergs,thombergs/checkstyle,2017-01-16T22:15:07Z,0,0,Java,True,True,GNU Lesser General Public License v2.1
thombergs,thombergs/checkstyle-playground,2016-07-05T19:15:05Z,0,0,Java,True,True,
thombergs,thombergs/clean-timetracker,2018-10-09T19:08:43Z,58,58,Java,True,True,
thombergs,thombergs/client_java,2018-06-15T14:18:56Z,1,1,Java,True,True,Apache License 2.0
thombergs,thombergs/code-examples,2017-07-30T14:12:24Z,2644,2644,Java,True,True,MIT License
thombergs,thombergs/coderadar,2017-01-21T20:04:56Z,1,1,Java,True,True,MIT License
thombergs,thombergs/components-example,2023-04-14T00:07:59Z,45,45,Kotlin,True,True,
thombergs,thombergs/core,2016-01-22T09:22:22Z,0,0,JavaScript,True,True,
thombergs,thombergs/ddd-video-club,2023-10-16T19:58:39Z,1,1,,True,True,GNU Affero General Public License v3.0
thombergs,thombergs/deletion-test,2022-04-05T05:31:23Z,0,0,,True,True,
thombergs,thombergs/deployments-test,2022-04-05T05:43:34Z,1,1,,True,True,
thombergs,thombergs/descriptive-logger,2018-07-25T06:23:03Z,11,11,Java,True,True,MIT License
thombergs,thombergs/devblog,2017-09-06T18:19:37Z,0,0,JavaScript,True,True,MIT License
thombergs,thombergs/diffparser,2013-10-23T20:29:53Z,72,72,Java,True,True,Apache License 2.0
thombergs,thombergs/docker-cups,2018-05-28T13:22:08Z,0,0,Shell,True,False,GNU General Public License v3.0
thombergs,thombergs/docx-stamper,2015-12-24T21:02:22Z,213,213,Java,True,True,MIT License
thombergs,thombergs/eureka-prometheus-bridge,2018-01-12T09:55:05Z,0,0,Kotlin,True,True,MIT License
thombergs,thombergs/fortune-cookie-shop,2017-05-12T19:32:43Z,8,8,Java,True,True,
thombergs,thombergs/gitective,2015-10-17T20:42:56Z,0,0,Java,True,True,
DmitryBaranovskiy,DmitryBaranovskiy/bezier-easing,2024-08-31T12:22:16Z,1,1,JavaScript,True,True,MIT License
DmitryBaranovskiy,DmitryBaranovskiy/brackets,2014-08-05T02:00:04Z,2,2,JavaScript,True,True,MIT License
DmitryBaranovskiy,DmitryBaranovskiy/campjs-v,2015-05-20T06:44:06Z,0,0,HTML,True,True,
DmitryBaranovskiy,DmitryBaranovskiy/elemental,2010-07-26T06:01:42Z,14,14,JavaScript,True,True,
DmitryBaranovskiy,DmitryBaranovskiy/g.raphael,2009-06-18T06:35:16Z,1514,1514,JavaScript,True,False,
DmitryBaranovskiy,DmitryBaranovskiy/leonardo,2020-03-04T04:26:34Z,0,0,JavaScript,True,True,Apache License 2.0
DmitryBaranovskiy,DmitryBaranovskiy/optimus,2009-05-23T00:08:42Z,53,53,,True,True,
DmitryBaranovskiy,DmitryBaranovskiy/prefixfree,2012-05-18T03:59:21Z,7,7,JavaScript,True,True,
DmitryBaranovskiy,DmitryBaranovskiy/prism,2012-08-30T07:26:12Z,2,2,JavaScript,True,True,
DmitryBaranovskiy,DmitryBaranovskiy/raphael,2008-09-02T05:34:33Z,11269,11269,JavaScript,True,False,MIT License
DmitryBaranovskiy,DmitryBaranovskiy/raphaeljs.com,2011-09-22T05:27:45Z,71,71,JavaScript,True,False,MIT License
DmitryBaranovskiy,DmitryBaranovskiy/rappar,2011-11-18T05:24:20Z,82,82,JavaScript,True,True,
DmitryBaranovskiy,DmitryBaranovskiy/svgObjectModelGenerator,2014-12-08T00:43:18Z,1,1,JavaScript,True,True,Apache License 2.0
DmitryBaranovskiy,DmitryBaranovskiy/wdc14presentation,2014-05-07T08:46:24Z,5,5,JavaScript,True,True,
redguardtoo,redguardtoo/Asus-N53-PCU-RT5592STA-Driver-for-Linux-Kernel-4.6-Ubuntu-16.10,2017-09-23T05:31:22Z,1,1,C,True,True,
redguardtoo,redguardtoo/asus-pce-n53-11n-n600,2016-02-20T14:07:58Z,0,0,C,True,True,
redguardtoo,redguardtoo/AX88772C_Source,2017-09-23T05:36:21Z,4,4,C,True,True,
redguardtoo,redguardtoo/cliphist,2015-10-09T13:04:17Z,75,75,Emacs Lisp,True,True,
redguardtoo,redguardtoo/company-ctags,2019-09-26T12:39:09Z,58,58,Emacs Lisp,True,True,GNU General Public License v3.0
redguardtoo,redguardtoo/company-mode,2019-03-02T13:52:00Z,0,0,Emacs Lisp,True,True,
redguardtoo,redguardtoo/counsel-bbdb,2016-11-05T09:40:03Z,9,9,Emacs Lisp,True,True,
redguardtoo,redguardtoo/counsel-ctags,2024-05-18T14:48:41Z,2,2,Emacs Lisp,True,True,GNU General Public License v3.0
redguardtoo,redguardtoo/counsel-etags,2017-10-15T00:51:09Z,174,174,Emacs Lisp,True,True,
redguardtoo,redguardtoo/cpputils-cmake,2012-11-26T15:07:10Z,194,194,Emacs Lisp,True,True,
redguardtoo,redguardtoo/dianyou,2019-04-24T11:31:44Z,12,12,Emacs Lisp,True,True,
redguardtoo,redguardtoo/diff-lisp,2021-08-15T09:07:26Z,6,6,Emacs Lisp,True,True,GNU General Public License v3.0
redguardtoo,redguardtoo/eacl,2017-08-05T13:47:09Z,98,98,Emacs Lisp,True,True,
redguardtoo,redguardtoo/elpa-mirror,2014-02-21T00:14:32Z,315,315,Emacs Lisp,True,True,
redguardtoo,redguardtoo/emacs-git-gutter,2017-03-30T04:06:56Z,3,3,Emacs Lisp,True,True,
redguardtoo,redguardtoo/Emacs-langtool,2019-06-03T04:43:38Z,5,5,Emacs Lisp,True,True,
redguardtoo,redguardtoo/emacs.d,2011-08-31T13:13:49Z,2415,2415,Emacs Lisp,True,True,GNU General Public License v3.0
redguardtoo,redguardtoo/evil,2019-06-16T23:38:24Z,0,0,Emacs Lisp,True,True,GNU General Public License v3.0
redguardtoo,redguardtoo/evil-mark-replace,2015-03-11T04:47:43Z,9,9,Emacs Lisp,True,True,
redguardtoo,redguardtoo/evil-matchit,2013-10-14T13:10:26Z,290,290,Emacs Lisp,True,True,GNU General Public License v3.0
redguardtoo,redguardtoo/evil-nerd-commenter,2013-01-07T07:32:38Z,391,391,Emacs Lisp,True,True,GNU General Public License v3.0
redguardtoo,redguardtoo/fastdef,2016-05-16T00:00:41Z,6,6,Emacs Lisp,True,True,
redguardtoo,redguardtoo/find-and-ctags,2015-03-01T05:02:58Z,5,5,Emacs Lisp,True,True,
redguardtoo,redguardtoo/find-by-pinyin-dired,2015-01-27T13:16:28Z,18,18,Emacs Lisp,True,True,
redguardtoo,redguardtoo/find-file-in-project,2009-01-12T21:19:19Z,428,428,Emacs Lisp,True,True,GNU General Public License v3.0
redguardtoo,redguardtoo/git,2018-07-20T07:39:56Z,1,1,C,True,False,Other
redguardtoo,redguardtoo/gmail2bbdb,2014-08-07T15:11:16Z,20,20,Emacs Lisp,True,True,
redguardtoo,redguardtoo/helloworld,2021-03-16T10:49:32Z,1,1,C,True,True,
redguardtoo,redguardtoo/highlight.js,2021-04-13T10:16:54Z,0,0,JavaScript,True,True,"BSD 3-Clause ""New"" or ""Revised"" License"
redguardtoo,redguardtoo/imenu-extra,2020-12-01T08:26:09Z,15,15,Emacs Lisp,True,True,GNU General Public License v3.0
sanjay-kv,sanjay-kv/.github,2024-04-10T13:07:04Z,0,0,,True,False,
sanjay-kv,sanjay-kv/450-DSA,2021-10-04T07:10:18Z,2,2,Jupyter Notebook,True,True,
sanjay-kv,sanjay-kv/aftabashraf003,2021-10-06T07:10:51Z,2,2,,True,True,
sanjay-kv,sanjay-kv/Amazon-alexa-fact-skill,2018-03-18T19:26:50Z,2,2,JavaScript,True,False,Apache License 2.0
sanjay-kv,sanjay-kv/amazon-ebook,2021-04-13T16:59:58Z,3,3,Jupyter Notebook,True,True,MIT License
sanjay-kv,sanjay-kv/ananyag309,2024-10-30T07:31:56Z,0,0,,True,False,
sanjay-kv,sanjay-kv/anaskhan28,2021-10-05T05:37:40Z,2,2,,True,True,
sanjay-kv,sanjay-kv/arnav1776,2021-10-04T07:02:46Z,2,2,,True,True,
sanjay-kv,sanjay-kv/arsheelsheikh,2021-10-04T07:07:58Z,1,1,,True,True,
sanjay-kv,sanjay-kv/awesome-actions,2024-10-21T05:45:06Z,0,0,,True,True,Creative Commons Zero v1.0 Universal
sanjay-kv,sanjay-kv/Bank_statement_Analysis,2024-03-25T10:19:39Z,0,0,Jupyter Notebook,True,True,
sanjay-kv,sanjay-kv/bigdatasociety-2023,2023-03-16T14:12:23Z,0,0,,True,True,
sanjay-kv,sanjay-kv/bootcamp-guide,2023-09-21T15:26:53Z,0,0,,True,True,MIT License
sanjay-kv,sanjay-kv/certTest,2024-07-29T13:35:18Z,0,0,,True,True,
sanjay-kv,sanjay-kv/CheatSheetSeries,2024-10-28T02:46:21Z,0,0,,True,False,Creative Commons Attribution Share Alike 4.0 International
sanjay-kv,sanjay-kv/Cloud-Natural-Language-API,2020-10-27T12:08:27Z,2,2,,True,True,
sanjay-kv,sanjay-kv/commudle-ng,2020-09-07T11:23:28Z,2,2,,True,True,GNU Affero General Public License v3.0
sanjay-kv,sanjay-kv/community-starter-kit,2021-12-12T04:11:07Z,1,1,,True,True,MIT License
sanjay-kv,sanjay-kv/connect-the-dots-in-a-github-repository,2021-10-22T09:54:49Z,1,1,,True,True,
sanjay-kv,sanjay-kv/covid19india-react,2021-04-27T13:13:34Z,1,1,,True,True,MIT License
sanjay-kv,sanjay-kv/CURL,2023-06-08T08:22:39Z,1,1,,True,True,
sanjay-kv,sanjay-kv/DAG_airflow_sample,2024-08-19T04:58:47Z,0,0,Shell,True,True,Other
sanjay-kv,sanjay-kv/Dataflow-Python,2020-10-27T11:12:06Z,2,2,,True,True,
sanjay-kv,sanjay-kv/Dataproc-Console,2020-10-27T11:42:09Z,2,2,,True,True,
sanjay-kv,sanjay-kv/datasharing,2019-12-29T12:37:52Z,2,2,,True,True,
sanjay-kv,sanjay-kv/DBT-airflow-demo,2024-08-23T13:11:54Z,0,0,Python,True,True,
sanjay-kv,sanjay-kv/dbt-core,2024-07-11T03:29:20Z,0,0,,True,True,Apache License 2.0
sanjay-kv,sanjay-kv/demo,2024-09-08T02:24:10Z,1,1,,True,True,
sanjay-kv,sanjay-kv/demo-1,2024-09-08T02:31:46Z,0,0,,True,True,
sanjay-kv,sanjay-kv/demo-git-learn,2024-09-01T15:47:46Z,0,0,,True,True,MIT License
orhanobut,orhanobut/android101,2018-01-15T13:33:10Z,10,10,,True,True,
orhanobut,orhanobut/bee,2014-09-10T21:03:24Z,287,287,Java,False,False,Apache License 2.0
orhanobut,orhanobut/conceal,2015-08-04T17:27:05Z,8,8,Java,True,True,Other
orhanobut,orhanobut/dialogplus,2014-12-12T09:24:44Z,5000,5000,Java,False,False,Apache License 2.0
orhanobut,orhanobut/effective-android,2014-12-30T18:41:20Z,79,79,,True,True,Apache License 2.0
orhanobut,orhanobut/effective-android-security,2015-01-06T19:09:51Z,29,29,CSS,True,True,Apache License 2.0
orhanobut,orhanobut/hawk,2015-02-19T22:25:23Z,3983,3983,Java,False,False,Apache License 2.0
orhanobut,orhanobut/java-aes-crypto,2015-02-26T09:09:39Z,3,3,Java,True,True,MIT License
orhanobut,orhanobut/logger,2015-03-20T22:30:12Z,13830,13830,Java,False,False,Apache License 2.0
orhanobut,orhanobut/mockwebserverplus,2016-03-31T13:16:44Z,89,89,Java,False,False,Apache License 2.0
orhanobut,orhanobut/orhanobut.github.io,2018-03-11T01:31:35Z,1,1,CSS,False,False,
orhanobut,orhanobut/rootchecker,2014-11-06T15:49:32Z,63,63,Java,True,True,
orhanobut,orhanobut/scripts,2016-08-12T10:40:12Z,20,20,Python,True,False,Apache License 2.0
orhanobut,orhanobut/simplelistview,2014-12-16T10:19:38Z,154,154,Java,True,True,
orhanobut,orhanobut/swipemenu,2014-03-09T17:28:01Z,9,9,Java,True,True,Apache License 2.0
orhanobut,orhanobut/tracklytics,2015-12-04T13:22:51Z,429,429,Java,False,False,Apache License 2.0
orhanobut,orhanobut/versionist,2016-04-16T20:25:36Z,108,108,Python,False,False,
orhanobut,orhanobut/ViewPagerIndicator,2018-04-26T11:39:54Z,2,2,Java,True,False,
orhanobut,orhanobut/wasp,2014-12-21T20:42:13Z,584,584,Java,False,True,Apache License 2.0
tonybaloney,tonybaloney/Abiquo-Backup,2012-06-18T21:30:13Z,1,1,PHP,True,True,
tonybaloney,tonybaloney/Accera,2022-07-25T01:13:04Z,0,0,,True,True,MIT License
tonybaloney,tonybaloney/ai-internationalization-article,2024-03-04T03:47:44Z,1,1,Python,True,False,
tonybaloney,tonybaloney/aioodbc,2023-10-05T21:31:51Z,0,0,,True,True,Apache License 2.0
tonybaloney,tonybaloney/aisearch-openai-rag-audio,2024-10-17T22:49:14Z,0,0,,True,False,MIT License
tonybaloney,tonybaloney/aks-load-test-demo,2023-03-02T05:07:14Z,3,3,Python,False,False,
tonybaloney,tonybaloney/ama-update-sample,2024-04-02T05:44:35Z,0,0,,True,True,MIT License
tonybaloney,tonybaloney/anti-patterns,2022-03-02T21:27:12Z,184,184,Python,True,True,MIT License
tonybaloney,tonybaloney/ants-azure-demos,2021-02-08T00:14:43Z,71,71,Python,True,True,
tonybaloney,tonybaloney/ants-vscode-session,2021-07-20T08:56:54Z,1,1,Jupyter Notebook,True,True,
tonybaloney,tonybaloney/api-management-sample-apis,2024-04-02T05:49:48Z,0,0,,True,False,MIT License
tonybaloney,tonybaloney/APICenter-Analyzer,2024-04-20T02:11:11Z,0,0,,True,True,MIT License
tonybaloney,tonybaloney/apim-devportal-identity-delegation,2024-04-02T05:43:47Z,0,0,,True,True,MIT License
tonybaloney,tonybaloney/app-service-basic-implementation,2024-04-02T05:43:43Z,0,0,,True,True,MIT License
tonybaloney,tonybaloney/app-service-javascript-sap-cap-quickstart,2024-04-02T05:50:18Z,0,0,,True,False,MIT License
tonybaloney,tonybaloney/app-service-javascript-sap-cloud-sdk-quickstart,2024-04-02T05:50:01Z,0,0,,True,False,MIT License
tonybaloney,tonybaloney/app-service-networking-samples,2024-04-02T05:43:28Z,0,0,,True,True,MIT License
tonybaloney,tonybaloney/app-templates-dotnet-azuresql-appservice,2023-03-16T07:03:31Z,0,0,,True,True,MIT License
tonybaloney,tonybaloney/app-templates-microservices-integration,2024-04-02T05:44:12Z,0,0,,True,True,MIT License
tonybaloney,tonybaloney/app-templates-staticwebapp-cosmosdb,2024-04-02T05:43:40Z,0,0,,True,True,MIT License
tonybaloney,tonybaloney/ApplicationInsights-Python,2020-04-12T08:26:00Z,0,0,Python,True,False,MIT License
tonybaloney,tonybaloney/aspnet-web-api-for-power-platform-custom-connector,2024-04-02T05:43:05Z,0,0,,True,False,MIT License
tonybaloney,tonybaloney/atheris,2022-09-26T09:07:44Z,0,0,,True,True,Apache License 2.0
tonybaloney,tonybaloney/austin,2020-09-07T04:48:52Z,0,0,,True,True,GNU General Public License v3.0
tonybaloney,tonybaloney/austin-python,2020-09-08T04:27:53Z,0,0,,True,True,GNU General Public License v3.0
tonybaloney,tonybaloney/austin-vscode,2021-08-17T23:57:13Z,0,0,TypeScript,True,True,MIT License
tonybaloney,tonybaloney/awesome-django,2020-02-25T21:20:28Z,1,1,,True,True,
tonybaloney,tonybaloney/awesome-django-timezones,2020-09-10T05:07:07Z,1,1,,True,True,MIT License
tonybaloney,tonybaloney/awesome-flask,2022-01-11T03:23:52Z,0,0,,True,True,Creative Commons Zero v1.0 Universal
tonybaloney,tonybaloney/az-cli-wizard,2021-04-30T03:03:05Z,0,0,Python,True,True,MIT License
dmytrodanylyk,dmytrodanylyk/android-animations,2013-10-02T15:48:38Z,8,8,Java,True,True,
dmytrodanylyk,dmytrodanylyk/android-architecture,2018-01-31T00:08:57Z,127,127,Kotlin,True,True,Apache License 2.0
dmytrodanylyk,dmytrodanylyk/android-architecture-components,2018-03-30T08:33:14Z,1,1,Java,True,False,Apache License 2.0
dmytrodanylyk,dmytrodanylyk/android-concurrent-database,2014-02-08T18:32:57Z,65,65,Java,True,True,MIT License
dmytrodanylyk,dmytrodanylyk/android-data-sync-sample,2016-03-29T17:13:59Z,58,58,Java,True,True,
dmytrodanylyk,dmytrodanylyk/android-morphing-button,2015-09-10T17:08:29Z,1432,1432,Java,True,True,
dmytrodanylyk,dmytrodanylyk/android-process-button,2014-05-02T20:39:23Z,3005,3005,Java,True,True,MIT License
dmytrodanylyk,dmytrodanylyk/android-room-with-a-view,2018-02-25T05:37:21Z,1,1,Java,True,False,Apache License 2.0
dmytrodanylyk,dmytrodanylyk/circular-progress-button,2014-06-07T12:58:48Z,5753,5753,Java,True,True,MIT License
dmytrodanylyk,dmytrodanylyk/coroutine-recipes,2017-10-09T04:15:40Z,361,361,Kotlin,True,True,
dmytrodanylyk,dmytrodanylyk/coroutines,2018-12-05T04:59:43Z,2,2,,True,True,
dmytrodanylyk,dmytrodanylyk/coroutines-arch,2018-04-06T01:31:51Z,26,26,Kotlin,True,True,
dmytrodanylyk,dmytrodanylyk/dmytrodanylyk,2013-09-18T11:05:52Z,408,408,HTML,True,True,
dmytrodanylyk,dmytrodanylyk/docsify,2017-08-16T08:59:50Z,1,1,JavaScript,True,False,MIT License
dmytrodanylyk,dmytrodanylyk/dribbble,2018-02-14T08:03:54Z,1,1,,True,True,
dmytrodanylyk,dmytrodanylyk/flank,2021-03-01T22:42:22Z,0,0,,True,False,Apache License 2.0
dmytrodanylyk,dmytrodanylyk/folding-plugin,2015-07-16T19:03:44Z,1527,1527,Java,True,True,MIT License
dmytrodanylyk,dmytrodanylyk/glide,2019-02-05T02:04:35Z,0,0,Java,True,True,Other
dmytrodanylyk,dmytrodanylyk/kotlinx.coroutines,2018-04-10T10:53:28Z,0,0,Kotlin,True,True,
dmytrodanylyk,dmytrodanylyk/lazy-data-loading,2015-04-04T09:28:09Z,44,44,Java,True,True,
dmytrodanylyk,dmytrodanylyk/lviv-bus-kotlin,2016-02-21T20:08:38Z,6,6,Kotlin,True,True,
dmytrodanylyk,dmytrodanylyk/mkdocs-material,2017-08-27T06:50:57Z,0,0,JavaScript,True,False,MIT License
dmytrodanylyk,dmytrodanylyk/noty,2017-08-17T02:01:41Z,0,0,JavaScript,True,True,MIT License
dmytrodanylyk,dmytrodanylyk/obsidian-colors,2016-05-07T17:13:40Z,30,30,,True,True,
dmytrodanylyk,dmytrodanylyk/presenter-example,2016-02-04T18:57:10Z,33,33,Java,True,True,
dmytrodanylyk,dmytrodanylyk/realm-browser,2015-05-06T18:43:46Z,284,284,Java,True,True,MIT License
dmytrodanylyk,dmytrodanylyk/RxJava-Android-Samples,2018-04-19T06:07:46Z,0,0,Java,True,True,Apache License 2.0
dmytrodanylyk,dmytrodanylyk/shadow-layout,2015-03-09T19:48:01Z,1778,1778,Java,True,True,MIT License
dmytrodanylyk,dmytrodanylyk/template,2016-09-22T20:53:46Z,218,218,Java,True,True,
dmytrodanylyk,dmytrodanylyk/video-crop,2014-03-19T21:32:21Z,391,391,Java,True,True,
MaryamAustralia,MaryamAustralia/me,2017-03-10T21:24:42Z,3,3,,True,True,
haskellcamargo,haskellcamargo/advpl-coding-standards,2017-06-28T12:42:30Z,7,7,,True,True,
haskellcamargo,haskellcamargo/advpl-debugger,2016-08-26T16:55:35Z,1,1,xBase,True,True,MIT License
haskellcamargo,haskellcamargo/agda-arithmetic-operations,2016-03-09T03:28:11Z,0,0,Agda,True,True,MIT License
haskellcamargo,haskellcamargo/APDA,2017-12-31T18:41:25Z,1,1,,True,True,Apache License 2.0
haskellcamargo,haskellcamargo/awesome-gemidao,2017-08-15T17:59:09Z,2,2,,True,True,
haskellcamargo,haskellcamargo/awesome-ocaml,2015-06-30T10:55:43Z,0,0,,True,True,
haskellcamargo,haskellcamargo/babel-plugin-function-composition,2017-08-31T04:57:59Z,63,63,JavaScript,True,True,MIT License
haskellcamargo,haskellcamargo/babel-plugin-implicit-function,2017-08-31T05:03:26Z,24,24,JavaScript,True,True,MIT License
haskellcamargo,haskellcamargo/babel-plugin-pipe-operator-curry,2018-01-03T15:57:12Z,1,1,JavaScript,True,False,MIT License
haskellcamargo,haskellcamargo/because-we-can,2015-05-16T01:07:52Z,116,116,PHP,True,True,
haskellcamargo,haskellcamargo/brain,2017-07-11T01:32:05Z,0,0,C++,True,True,GNU General Public License v3.0
haskellcamargo,haskellcamargo/bucklescript,2018-01-04T11:24:26Z,1,1,OCaml,True,True,Other
haskellcamargo,haskellcamargo/capy-tracker,2016-08-10T02:59:23Z,3,3,JavaScript,True,True,MIT License
haskellcamargo,haskellcamargo/capy-tracker-api,2016-08-13T03:52:22Z,0,0,Ruby,True,True,MIT License
haskellcamargo,haskellcamargo/clube-dos-programadores,2015-04-05T21:13:25Z,3,3,,True,True,GNU General Public License v3.0
haskellcamargo,haskellcamargo/drag-queen,2016-10-24T10:56:53Z,3,3,JavaScript,True,True,MIT License
haskellcamargo,haskellcamargo/drop-procedure-if-exists,2016-09-08T00:47:09Z,0,0,,True,True,MIT License
haskellcamargo,haskellcamargo/eslint-config-rung,2017-12-19T10:56:40Z,1,1,JavaScript,True,True,
haskellcamargo,haskellcamargo/eslint-plugin-fp,2017-11-03T22:01:58Z,1,1,JavaScript,True,True,MIT License
haskellcamargo,haskellcamargo/extended-zpl-deprecated,2014-12-25T23:29:14Z,3,3,PHP,True,True,MIT License
haskellcamargo,haskellcamargo/fish-git-loc,2016-09-07T05:36:04Z,1,1,Shell,True,True,MIT License
haskellcamargo,haskellcamargo/fleet-management,2015-09-02T21:48:21Z,0,0,JavaScript,True,True,GNU General Public License v3.0
haskellcamargo,haskellcamargo/frida,2015-05-28T22:54:50Z,1,1,LiveScript,True,True,MIT License
haskellcamargo,haskellcamargo/fwquerybuilder,2018-10-06T14:31:20Z,6,6,xBase,True,True,MIT License
haskellcamargo,haskellcamargo/gemidao-do-zap,2017-08-07T16:35:02Z,1990,1990,JavaScript,True,True,MIT License
haskellcamargo,haskellcamargo/gemidao-do-zap-free,2017-08-11T02:05:50Z,22,22,,True,True,
haskellcamargo,haskellcamargo/haskellcamargo.github.io,2015-10-12T00:36:36Z,1,1,HTML,True,True,
haskellcamargo,haskellcamargo/hindley-milner-js,2017-11-08T14:24:16Z,17,17,JavaScript,True,True,MIT License
haskellcamargo,haskellcamargo/honk,2019-11-08T03:14:56Z,3,3,HTML,True,False,
haskellcamargo,haskellcamargo/htpl,2015-09-30T11:58:38Z,2,2,PHP,True,True,GNU General Public License v3.0
jpillora,jpillora/acmewrapper,2016-03-20T00:48:00Z,1,1,Go,True,True,MIT License
jpillora,jpillora/ansi,2014-10-27T00:56:46Z,13,13,Go,True,True,MIT License
jpillora,jpillora/aoc-in-go,2023-12-01T00:58:11Z,22,22,Go,False,False,MIT License
jpillora,jpillora/archive,2015-05-15T10:04:27Z,33,33,Go,True,True,
jpillora,jpillora/arp,2017-02-04T15:19:20Z,1,1,Go,True,True,MIT License
jpillora,jpillora/automirror,2015-04-06T05:32:43Z,1,1,,True,True,MIT License
jpillora,jpillora/awesome-go,2019-05-23T13:06:33Z,1,1,Go,True,False,MIT License
jpillora,jpillora/backoff,2015-02-28T06:05:25Z,632,632,Go,True,True,MIT License
jpillora,jpillora/base64-encoder,2013-06-04T23:52:51Z,264,264,HTML,True,True,
jpillora,jpillora/Base64.js,2013-09-02T00:07:34Z,1,1,JavaScript,True,False,Do What The F*ck You Want To Public License
jpillora,jpillora/biscuit,2020-09-23T23:12:40Z,0,0,,True,True,"BSD 3-Clause ""New"" or ""Revised"" License"
jpillora,jpillora/bit,2015-04-15T03:10:06Z,0,0,,True,True,MIT License
jpillora,jpillora/bookmarkleter,2014-06-18T12:48:40Z,1,1,JavaScript,True,True,
jpillora,jpillora/bookshelf,2016-12-05T01:01:17Z,2,2,HTML,True,True,
jpillora,jpillora/bower-angular,2012-11-09T16:58:12Z,7,7,JavaScript,True,False,
jpillora,jpillora/buildpack,2015-02-04T14:26:25Z,0,0,Shell,True,False,
jpillora,jpillora/castlebot,2016-04-27T14:46:59Z,5,5,Go,True,True,
jpillora,jpillora/cayley,2014-07-24T07:29:41Z,2,2,,True,True,Apache License 2.0
jpillora,jpillora/chisel,2015-02-25T11:42:50Z,13231,13231,Go,True,True,MIT License
jpillora,jpillora/cloud-gox,2015-02-03T03:59:18Z,131,131,Go,True,True,
jpillora,jpillora/cloud-torrent,2015-05-31T04:48:16Z,5809,5809,Go,True,True,GNU Affero General Public License v3.0
jpillora,jpillora/cms4,2014-05-05T07:29:51Z,1,1,JavaScript,True,True,MIT License
jpillora,jpillora/CodeMirror,2013-06-02T07:58:49Z,0,0,JavaScript,True,True,Other
jpillora,jpillora/compilejs,2013-04-08T00:10:25Z,5,5,CoffeeScript,True,True,
jpillora,jpillora/compilejs-proxy,2013-05-24T13:29:29Z,1,1,JavaScript,True,True,
jpillora,jpillora/compilejs-server,2013-05-23T11:20:29Z,1,1,JavaScript,True,True,
jpillora,jpillora/conncrypt,2015-03-14T07:05:58Z,19,19,Go,True,True,MIT License
jpillora,jpillora/cookieauth,2016-01-23T03:53:27Z,4,4,Go,True,True,
jpillora,jpillora/copilot-gpt4-service,2024-01-10T23:49:58Z,1,1,Go,True,True,MIT License
jpillora,jpillora/coreos-mgr,2015-04-19T06:42:45Z,0,0,Go,True,True,MIT License
adg,adg/cloud-builders,2016-11-01T04:18:11Z,0,0,Go,True,False,Apache License 2.0
adg,adg/dt,2015-11-26T00:22:36Z,51,51,Go,True,True,
adg,adg/game,2015-11-26T00:46:41Z,137,137,Go,True,True,
adg,adg/gerrit-monitor,2020-04-16T03:07:28Z,0,0,JavaScript,True,True,Apache License 2.0
adg,adg/github,2016-08-19T06:05:34Z,0,0,Go,True,True,"BSD 3-Clause ""New"" or ""Revised"" License"
adg,adg/github-gmail,2015-02-23T01:28:40Z,69,69,JavaScript,True,True,Apache License 2.0
adg,adg/gitsync,2017-04-04T04:13:31Z,2,2,Go,True,True,"BSD 3-Clause ""New"" or ""Revised"" License"
adg,adg/gokit,2015-03-05T01:54:12Z,5,5,Go,True,False,MIT License
adg,adg/gomodtest,2023-03-22T21:06:41Z,0,0,Go,True,True,
adg,adg/google-cloud-go,2023-02-08T05:00:34Z,0,0,Go,True,True,Apache License 2.0
adg,adg/gophervids,2016-07-14T17:23:09Z,1,1,HTML,True,True,
adg,adg/gostrip,2015-01-20T03:35:42Z,15,15,Go,True,True,
adg,adg/gps,2016-12-15T01:36:07Z,0,0,Go,True,True,MIT License
adg,adg/grpc-go,2015-03-05T03:44:37Z,0,0,Go,True,False,"BSD 3-Clause ""New"" or ""Revised"" License"
adg,adg/hang,2022-04-19T04:56:53Z,2,2,Go,True,True,
adg,adg/hello-react-ts,2018-09-05T02:38:12Z,4,4,JavaScript,True,True,Apache License 2.0
adg,adg/homebrew-core,2022-03-30T06:43:57Z,0,0,Ruby,True,False,"BSD 2-Clause ""Simplified"" License"
adg,adg/notify,2016-03-03T00:12:12Z,0,0,Go,True,True,MIT License
adg,adg/pkgmod,2021-03-11T21:00:36Z,0,0,Go,True,True,
adg,adg/protobuf,2023-03-22T22:24:51Z,0,0,,True,True,Other
adg,adg/reflect,2022-01-07T00:10:56Z,0,0,Go,True,True,
adg,adg/sched,2014-09-10T05:35:33Z,19,19,Go,True,True,
adg,adg/sync,2022-10-07T22:59:22Z,6,6,Go,True,True,
adg,adg/tmp,2017-01-12T01:25:58Z,0,0,Groff,True,True,"BSD 3-Clause ""New"" or ""Revised"" License"
adg,adg/typo,2022-11-13T23:25:10Z,0,0,Go,True,True,Other
adg,adg/weirdmodules,2020-02-11T03:45:24Z,2,2,Go,True,True,
SamSaffron,SamSaffron/active_model_serializers,2013-03-13T23:16:24Z,0,0,Ruby,True,True,MIT License
SamSaffron,SamSaffron/ale,2023-11-18T23:26:50Z,0,0,,True,True,"BSD 2-Clause ""Simplified"" License"
SamSaffron,SamSaffron/allocator_bench,2016-12-07T06:33:02Z,51,51,Ruby,True,True,MIT License
SamSaffron,SamSaffron/annotate_models,2013-05-24T02:36:38Z,3,3,Ruby,True,True,
SamSaffron,SamSaffron/arel,2013-08-30T05:39:04Z,0,0,Ruby,True,True,MIT License
SamSaffron,SamSaffron/autotest-shoes-gui,2009-01-27T13:40:36Z,5,5,Ruby,True,True,
SamSaffron,SamSaffron/benchmark-ember-rendering,2012-09-18T07:07:41Z,1,1,JavaScript,True,True,
SamSaffron,SamSaffron/bench_web,2013-11-13T00:40:13Z,1,1,Ruby,True,True,
SamSaffron,SamSaffron/blog,2013-10-08T07:22:29Z,37,37,Ruby,True,True,MIT License
SamSaffron,SamSaffron/bluepill,2013-07-19T03:18:55Z,0,0,Ruby,True,True,MIT License
SamSaffron,SamSaffron/bootsnap,2017-04-30T01:04:37Z,0,0,Ruby,True,True,MIT License
SamSaffron,SamSaffron/brotli-test,2016-06-14T03:58:35Z,1,1,HTML,True,True,
SamSaffron,SamSaffron/bundler,2010-02-06T09:51:35Z,1,1,Ruby,True,True,MIT License
SamSaffron,SamSaffron/chap,2019-10-06T00:15:46Z,0,0,,True,True,Other
SamSaffron,SamSaffron/collude,2020-07-09T23:03:45Z,0,0,Ruby,True,True,MIT License
SamSaffron,SamSaffron/concurrent-ruby,2019-09-13T06:44:05Z,0,0,Ruby,True,False,Other
SamSaffron,SamSaffron/cpu-analyzer,2012-12-11T00:25:07Z,36,36,C#,True,True,Other
SamSaffron,SamSaffron/Dapper,2017-08-21T15:42:44Z,1,1,C#,True,False,Other
SamSaffron,SamSaffron/dartsass-ruby,2023-10-30T01:42:56Z,0,0,,True,False,MIT License
SamSaffron,SamSaffron/DataExplorerPG,2013-01-07T01:25:18Z,6,6,C#,True,True,MIT License
SamSaffron,SamSaffron/definitions,2021-04-26T02:11:07Z,0,0,,True,False,Other
SamSaffron,SamSaffron/descartes,2014-03-05T05:30:29Z,0,0,JavaScript,True,True,MIT License
SamSaffron,SamSaffron/dhh_chat_demo,2015-12-24T04:21:27Z,0,0,Ruby,True,True,
SamSaffron,SamSaffron/discourse,2014-03-04T01:58:50Z,0,0,Ruby,True,True,GNU General Public License v2.0
SamSaffron,SamSaffron/discourse-ansible,2013-10-09T10:16:09Z,5,5,Ruby,True,True,
SamSaffron,SamSaffron/discourse-clipboard,2018-11-20T22:36:01Z,0,0,HTML,True,True,MIT License
SamSaffron,SamSaffron/discourse-code-review,2020-09-30T04:37:53Z,0,0,,True,False,MIT License
SamSaffron,SamSaffron/discourse-dev-benchmark,2020-03-02T22:13:10Z,1,1,Ruby,True,True,GNU General Public License v2.0
SamSaffron,SamSaffron/discourse-doi-resolver,2017-07-17T15:25:48Z,0,0,JavaScript,True,True,MIT License
SamSaffron,SamSaffron/discourse-ios,2016-08-04T03:20:01Z,0,0,Ruby,True,True,
alecthomas,alecthomas/adidoks,2024-06-09T07:59:42Z,0,0,SCSS,True,True,MIT License
alecthomas,alecthomas/app,2016-04-22T10:37:50Z,11,11,Go,True,True,
alecthomas,alecthomas/arena,2024-10-07T02:45:05Z,22,22,Go,True,True,MIT License
alecthomas,alecthomas/aspect,2010-09-22T10:51:17Z,2,2,Python,True,True,
alecthomas,alecthomas/assert,2015-11-30T04:42:32Z,147,147,Go,True,True,MIT License
alecthomas,alecthomas/atomic,2021-12-04T02:18:41Z,19,19,Go,True,True,MIT License
alecthomas,alecthomas/awesome-go,2017-10-23T22:17:34Z,4,4,Go,True,False,MIT License
alecthomas,alecthomas/binary,2014-04-29T21:02:51Z,48,48,Go,True,True,MIT License
alecthomas,alecthomas/bit,2022-12-01T10:02:11Z,12,12,Go,True,True,
alecthomas,alecthomas/bootstrap,2014-06-26T07:10:54Z,6,6,Go,True,True,
alecthomas,alecthomas/buf,2023-12-04T06:21:05Z,0,0,,True,False,Apache License 2.0
alecthomas,alecthomas/buildkite-test-analytics-go,2022-06-10T01:26:18Z,0,0,Go,True,True,MIT License
alecthomas,alecthomas/Cache.swift,2015-08-18T02:06:23Z,3,3,Swift,True,True,
alecthomas,alecthomas/check,2015-03-30T02:48:49Z,0,0,Go,True,True,GNU General Public License v3.0
alecthomas,alecthomas/chroma,2017-06-07T09:47:08Z,4353,4353,Go,True,True,MIT License
alecthomas,alecthomas/chrysalis,2010-09-23T13:20:01Z,7,7,C++,True,True,
alecthomas,alecthomas/cktphotography.com,2011-06-04T17:48:04Z,1,1,JavaScript,True,True,
alecthomas,alecthomas/cly,2015-02-25T23:07:05Z,4,4,Python,True,True,Other
alecthomas,alecthomas/colour,2014-08-21T04:04:02Z,15,15,Go,True,True,MIT License
alecthomas,alecthomas/columns,2016-01-05T12:44:06Z,0,0,Go,True,True,
alecthomas,alecthomas/concurrency,2023-05-24T00:04:22Z,4,4,Go,True,True,MIT License
alecthomas,alecthomas/css,2019-11-08T04:19:27Z,0,0,Go,True,True,MIT License
alecthomas,alecthomas/cut,2011-07-11T02:16:02Z,2,2,Python,True,True,
alecthomas,alecthomas/devtodo,2014-05-20T02:16:21Z,6,6,C,True,True,GNU General Public License v2.0
alecthomas,alecthomas/devtodo2,2011-05-26T04:10:33Z,100,100,Go,True,True,
alecthomas,alecthomas/dotfiles,2009-04-14T14:51:28Z,7,7,Vim script,True,True,
alecthomas,alecthomas/dynamosql,2020-11-22T03:14:33Z,1,1,Go,True,True,Apache License 2.0
alecthomas,alecthomas/ecs_benchmark,2023-11-06T07:26:37Z,0,0,,True,True,MIT License
alecthomas,alecthomas/entityx,2012-10-24T21:07:42Z,2221,2221,C++,True,True,MIT License
alecthomas,alecthomas/entityx_python,2013-12-21T01:58:21Z,14,14,C++,True,True,
johndpope,johndpope/-Picturesque-Gallery,2022-12-02T12:05:27Z,1,1,,True,True,MIT License
johndpope,johndpope/08781,2019-06-14T10:18:19Z,1,1,C++,True,True,
johndpope,johndpope/0pt,2022-11-08T19:33:59Z,1,1,,True,True,
johndpope,johndpope/10-Interesting-ICML-Papers,2020-08-17T03:32:15Z,1,1,,True,True,
johndpope,johndpope/1860sgentleman,2015-05-15T03:30:38Z,1,1,Python,True,True,MIT License
johndpope,johndpope/19329-AI-Compressor,2015-05-26T13:44:41Z,1,1,HTML,True,True,
johndpope,johndpope/2011_Go_Geo_Gfx,2016-08-22T18:05:16Z,1,1,Go,True,False,
johndpope,johndpope/2016_Class_Activation_Mapping,2017-07-18T18:09:28Z,1,1,HTML,True,True,Other
johndpope,johndpope/2016_FlowNet,2018-06-15T20:52:34Z,1,1,Cuda,True,True,
johndpope,johndpope/2016_GAN_Matlab,2017-05-07T22:58:33Z,1,1,HTML,True,True,Other
johndpope,johndpope/2016_VideoClassification,2018-06-15T20:53:01Z,2,2,HTML,True,True,Other
johndpope,johndpope/2017demo,2017-08-30T00:27:52Z,1,1,C,True,True,
johndpope,johndpope/2020pv,2021-08-07T13:30:20Z,1,1,,True,True,
johndpope,johndpope/2048,2014-04-12T07:05:45Z,1,1,Objective-C,True,True,MIT License
johndpope,johndpope/2D-and-3D-face-alignment,2017-09-16T10:47:05Z,1,1,Lua,True,True,Other
johndpope,johndpope/2D-Motion-Retargeting,2020-05-21T10:40:16Z,1,1,,True,True,MIT License
johndpope,johndpope/2DASL,2019-04-24T11:48:33Z,1,1,MATLAB,True,True,MIT License
johndpope,johndpope/2D_3D_PolarFourierTransform,2018-08-13T03:26:08Z,1,1,Matlab,True,True,MIT License
johndpope,johndpope/2K2K,2024-09-25T16:55:03Z,0,0,,True,True,Other
johndpope,johndpope/2xImageResolution,2017-10-03T08:03:39Z,1,1,R,True,True,
johndpope,johndpope/3-DOF-angle-estimation-based-IMUs,2020-05-21T10:30:29Z,1,1,,True,True,
johndpope,johndpope/3004GroupProject,2018-03-07T19:38:00Z,1,1,Swift,True,True,
johndpope,johndpope/30DaysOfCoreML,2019-05-30T00:13:43Z,1,1,Swift,True,True,MIT License
johndpope,johndpope/360monodepth,2023-01-16T03:50:52Z,1,1,,True,True,MIT License
johndpope,johndpope/3D-Deepbox,2017-10-03T14:07:30Z,1,1,Python,True,True,
johndpope,johndpope/3d-engine-rust,2020-08-10T16:00:20Z,1,1,,True,True,
johndpope,johndpope/3d-ken-burns,2019-11-19T21:25:15Z,1,1,,True,True,Other
johndpope,johndpope/3D-Model-Viewer,2016-12-02T00:38:34Z,1,1,Makefile,True,True,
johndpope,johndpope/3D-point-capsule-networks,2019-07-10T18:59:46Z,2,2,Python,True,True,
johndpope,johndpope/3D-PRNN,2017-11-30T20:01:21Z,1,1,Lua,True,True,
djnavarro,djnavarro/2017-unsw-psych-women,2021-07-30T06:50:36Z,1,1,,True,True,
djnavarro,djnavarro/2018-unsw-psych-women,2021-02-02T04:53:30Z,0,0,R,True,True,
djnavarro,djnavarro/2019-unsw-psych-women,2021-02-02T05:15:43Z,0,0,CSS,True,True,
djnavarro,djnavarro/2020-unsw-psych-women,2021-02-02T05:35:04Z,0,0,HTML,True,True,
djnavarro,djnavarro/2021-unsw-psych-women,2021-02-02T06:27:24Z,0,0,SCSS,True,True,
djnavarro,djnavarro/ampc2020,2019-11-28T05:11:24Z,0,0,HTML,True,True,
djnavarro,djnavarro/arch-r,2022-12-31T12:33:37Z,0,0,Dockerfile,True,True,GNU General Public License v3.0
djnavarro,djnavarro/arrow,2022-01-11T23:33:42Z,1,1,C++,True,False,Apache License 2.0
djnavarro,djnavarro/arrow-gif,2022-02-16T04:34:53Z,0,0,R,True,True,
djnavarro,djnavarro/arrow-hexes,2022-02-02T08:54:30Z,1,1,R,True,True,
djnavarro,djnavarro/arrow-nyc-taxi-scatter,2022-08-10T09:22:16Z,10,10,R,True,True,Creative Commons Attribution 4.0 International
djnavarro,djnavarro/arrow-site,2022-02-11T02:32:58Z,0,0,Python,True,False,
djnavarro,djnavarro/arrow-user2022,2022-06-19T05:30:30Z,45,45,HTML,True,True,Creative Commons Attribution 4.0 International
djnavarro,djnavarro/arrow-visual-identity,2022-02-04T00:47:59Z,1,1,R,True,True,
djnavarro,djnavarro/art,2021-08-22T06:28:37Z,0,0,R,True,True,
djnavarro,djnavarro/art-from-code,2022-07-31T21:57:21Z,3,3,HTML,True,True,Creative Commons Attribution Share Alike 4.0 International
djnavarro,djnavarro/art-template,2021-02-11T07:33:54Z,2,2,R,True,True,
djnavarro,djnavarro/arttools,2023-07-19T23:21:02Z,6,6,R,True,True,Other
djnavarro,djnavarro/asciify,2018-11-15T23:20:48Z,34,34,HTML,True,True,Other
djnavarro,djnavarro/ashtree,2020-04-16T06:33:14Z,7,7,R,True,True,
djnavarro,djnavarro/awesome-rladies-blogs,2021-11-16T07:55:39Z,0,0,,True,True,Creative Commons Zero v1.0 Universal
djnavarro,djnavarro/bayes-factor-essay,2020-12-07T06:44:27Z,2,2,TeX,True,True,
djnavarro,djnavarro/bilibili,2021-04-06T05:07:52Z,0,0,,True,True,
djnavarro,djnavarro/blankex,2017-08-26T08:11:39Z,12,12,JavaScript,True,True,
djnavarro,djnavarro/blankshiny,2018-02-25T04:34:21Z,5,5,R,True,True,
djnavarro,djnavarro/blog,2024-03-04T10:23:59Z,9,9,JavaScript,True,True,
djnavarro,djnavarro/brownianbridge,2018-12-27T04:59:21Z,15,15,R,True,True,
djnavarro,djnavarro/bs4cards,2021-03-27T00:34:30Z,45,45,HTML,True,True,Other
djnavarro,djnavarro/caladesite,2020-07-17T06:33:55Z,0,0,HTML,True,True,
djnavarro,djnavarro/caladown,2019-04-14T06:37:51Z,26,26,R,True,True,Other
JayZeeDesign,JayZeeDesign/bdr-agent-backup,2024-02-08T04:17:01Z,5,5,Python,True,False,
JayZeeDesign,JayZeeDesign/Discord-AI-Chatbot,2023-09-18T12:43:48Z,92,92,HTML,True,True,GNU Affero General Public License v3.0
JayZeeDesign,JayZeeDesign/emoji-generator-cursor,2024-09-07T11:43:08Z,1,1,TypeScript,True,False,
JayZeeDesign,JayZeeDesign/gmail-gpt,2023-06-18T01:51:05Z,44,44,Python,True,False,
JayZeeDesign,JayZeeDesign/gpt-data-extraction,2023-08-03T07:37:16Z,68,68,Python,True,False,
JayZeeDesign,JayZeeDesign/gpt-function-calling-tutorial,2023-06-14T23:07:17Z,80,80,Python,True,False,
JayZeeDesign,JayZeeDesign/inbox-manager-agent,2023-11-02T11:32:11Z,211,211,Python,True,True,
JayZeeDesign,JayZeeDesign/JayZeeDesign,2021-12-28T11:44:41Z,4,4,,True,False,
JayZeeDesign,JayZeeDesign/knowledge-retrieval-with-imgs,2023-08-14T06:37:39Z,40,40,Python,True,True,
JayZeeDesign,JayZeeDesign/Knowledgebase-embedding,2023-08-03T07:05:49Z,114,114,Python,True,True,
JayZeeDesign,JayZeeDesign/langchain-ui,2023-04-12T06:15:11Z,11,11,,True,True,MIT License
JayZeeDesign,JayZeeDesign/microsoft-autogen-experiments,2023-10-03T13:20:48Z,208,208,Python,True,True,
JayZeeDesign,JayZeeDesign/openai-experiments,2023-11-07T14:14:48Z,97,97,Python,True,True,
JayZeeDesign,JayZeeDesign/pdf-loader,2023-08-27T23:08:18Z,5,5,Python,True,True,
JayZeeDesign,JayZeeDesign/prompt-guidance-tutorial,2023-08-29T12:39:52Z,54,54,Jupyter Notebook,True,True,
JayZeeDesign,JayZeeDesign/realtime-conversation-copilot,2024-02-27T09:53:42Z,87,87,HTML,True,False,
JayZeeDesign,JayZeeDesign/reddit-replydude,2024-03-18T02:21:54Z,15,15,Python,True,True,
JayZeeDesign,JayZeeDesign/reddit-test,2024-10-14T12:39:43Z,2,2,TypeScript,True,True,
JayZeeDesign,JayZeeDesign/research-agents-3.0,2023-11-29T11:50:04Z,417,417,Python,True,True,
JayZeeDesign,JayZeeDesign/researcher-gpt,2023-07-10T03:02:55Z,450,450,Python,True,False,
JayZeeDesign,JayZeeDesign/Scrape-anything---Web-AI-agent,2023-12-03T05:35:58Z,306,306,JavaScript,True,True,
JayZeeDesign,JayZeeDesign/sql-agent,2024-07-22T12:01:55Z,16,16,Jupyter Notebook,True,True,
JayZeeDesign,JayZeeDesign/test,2023-05-16T05:51:30Z,5,5,Python,True,True,MIT License
JayZeeDesign,JayZeeDesign/universal-web-scraper,2024-02-16T22:08:39Z,44,44,Python,True,True,
JayZeeDesign,JayZeeDesign/vision-agent-with-llava,2023-10-16T12:31:30Z,69,69,Python,True,True,
tamim,tamim/2048,2014-05-06T11:59:31Z,0,0,CSS,True,True,MIT License
tamim,tamim/codinginterviewbook,2019-08-10T03:36:22Z,100,100,Python,True,True,
tamim,tamim/coursera,2020-03-09T02:47:22Z,3,3,Jupyter Notebook,True,True,
tamim,tamim/Coursera_Capstone,2020-03-06T14:15:17Z,2,2,Jupyter Notebook,True,True,
tamim,tamim/cpbook2,2016-07-07T11:05:11Z,4,4,C,True,True,Creative Commons Zero v1.0 Universal
tamim,tamim/google-maps-services-go,2016-08-18T14:09:22Z,0,0,Go,True,True,Apache License 2.0
tamim,tamim/hot-languages,2014-12-12T07:52:41Z,6,6,Python,True,True,GNU General Public License v2.0
tamim,tamim/intro_ds_algo_py,2017-10-29T02:40:45Z,78,78,Python,True,True,
tamim,tamim/mixpanel-export-py-client,2015-04-09T11:43:06Z,0,0,Python,True,True,Apache License 2.0
tamim,tamim/practice,2017-01-26T10:29:50Z,0,0,Python,True,True,
tamim,tamim/pycon-edu-sg-2020,2020-05-26T04:38:34Z,1,1,Python,True,True,
tamim,tamim/validate_email,2015-02-25T05:40:15Z,1,1,Python,True,True,Other
dformoso,dformoso/data-science-on-gke,2018-10-17T02:29:39Z,4,4,Jupyter Notebook,True,True,Apache License 2.0
dformoso,dformoso/deeplearning-mindmap,2017-08-18T03:24:56Z,1656,1656,,True,True,Apache License 2.0
dformoso,dformoso/linux-admin,2017-08-29T05:58:18Z,142,142,,True,True,
dformoso,dformoso/machine-learning-mindmap,2017-08-10T04:29:24Z,6119,6119,,True,True,Apache License 2.0
dformoso,dformoso/sklearn-classification,2017-08-12T05:05:33Z,690,690,Jupyter Notebook,True,True,GNU General Public License v3.0
dformoso,dformoso/wallaby,2020-07-28T10:22:54Z,0,0,Jupyter Notebook,True,True,Other
domesticmouse,domesticmouse/2048,2023-05-17T00:45:07Z,0,0,Dart,True,True,MIT License
domesticmouse,domesticmouse/acwj,2020-01-08T03:27:55Z,0,0,C,True,True,GNU General Public License v3.0
domesticmouse,domesticmouse/algo,2020-01-07T02:51:46Z,1,1,Go,True,True,MIT License
domesticmouse,domesticmouse/analysis_server_lib,2021-02-02T21:07:53Z,0,0,HTML,True,True,"BSD 3-Clause ""New"" or ""Revised"" License"
domesticmouse,domesticmouse/android-samples,2016-02-29T23:17:57Z,0,0,Java,True,True,Apache License 2.0
domesticmouse,domesticmouse/android-testing,2015-10-26T09:59:04Z,0,0,Java,True,True,Apache License 2.0
domesticmouse,domesticmouse/Aniflix-Flutter,2022-03-07T03:19:28Z,0,0,Dart,True,True,MIT License
domesticmouse,domesticmouse/antlr4,2022-04-14T08:15:52Z,0,0,Java,True,False,"BSD 3-Clause ""New"" or ""Revised"" License"
domesticmouse,domesticmouse/apidash,2024-09-16T14:44:45Z,1,1,,True,False,Apache License 2.0
domesticmouse,domesticmouse/apollovm_dart,2021-11-08T03:21:26Z,0,0,,True,True,Apache License 2.0
domesticmouse,domesticmouse/appengine,2019-10-15T21:06:35Z,0,0,Dart,True,True,"BSD 3-Clause ""New"" or ""Revised"" License"
domesticmouse,domesticmouse/appengine-custom-runtimes-samples,2019-01-29T04:45:35Z,0,0,Dockerfile,True,True,Apache License 2.0
domesticmouse,domesticmouse/appengine_samples,2019-06-04T02:22:54Z,0,0,Dart,True,True,"BSD 3-Clause ""New"" or ""Revised"" License"
domesticmouse,domesticmouse/atom,2015-10-16T10:56:07Z,0,0,CoffeeScript,True,False,MIT License
domesticmouse,domesticmouse/awesome-courses,2021-04-19T03:33:55Z,0,0,,True,False,
domesticmouse,domesticmouse/awesome-flame,2023-12-07T21:15:19Z,0,0,,True,True,Creative Commons Zero v1.0 Universal
domesticmouse,domesticmouse/awesome-flutter,2019-03-10T04:53:34Z,1,1,Dart,True,False,
domesticmouse,domesticmouse/awesome_ripple_animation,2022-09-20T02:09:30Z,0,0,Dart,True,True,MIT License
domesticmouse,domesticmouse/background-notification-sample,2013-10-18T02:11:02Z,0,0,Objective-C,True,True,Apache License 2.0
domesticmouse,domesticmouse/basic_text_field,2022-03-10T21:49:41Z,0,0,,True,True,
domesticmouse,domesticmouse/bazel_worker,2019-10-15T03:58:59Z,0,0,Dart,True,True,"BSD 3-Clause ""New"" or ""Revised"" License"
domesticmouse,domesticmouse/beam,2023-07-19T22:23:46Z,1,1,,True,False,Apache License 2.0
domesticmouse,domesticmouse/bfg,2022-03-07T02:44:06Z,0,0,Dart,True,True,MIT License
domesticmouse,domesticmouse/biblioteca_release_1,2015-12-17T01:34:41Z,0,0,Java,True,True,Apache License 2.0
domesticmouse,domesticmouse/bigboy,2020-07-27T04:29:16Z,0,0,,True,True,MIT License
domesticmouse,domesticmouse/blogger-with-dart,2012-03-19T09:51:20Z,6,6,Dart,True,True,
domesticmouse,domesticmouse/bonfire-engine.github.io,2023-10-16T22:09:31Z,0,0,,True,True,
domesticmouse,domesticmouse/bounce_tap,2023-02-21T06:50:51Z,0,0,,True,True,MIT License
domesticmouse,domesticmouse/btree,2022-03-02T22:12:39Z,0,0,,True,True,"BSD 3-Clause ""New"" or ""Revised"" License"
domesticmouse,domesticmouse/build,2023-10-18T01:50:38Z,0,0,,True,True,"BSD 3-Clause ""New"" or ""Revised"" License"
hugobowne,hugobowne/2016-07-12-swcarpentry-workshop,2016-07-12T16:34:49Z,0,0,,True,True,
hugobowne,hugobowne/AI-for-SWEs,2024-10-07T10:51:07Z,1,1,Python,True,True,MIT License
hugobowne,hugobowne/alt-splice-quantification,2015-04-22T20:05:23Z,0,0,R,True,True,
hugobowne,hugobowne/bayesian-stats-simulation-tutorial,2019-04-26T20:58:01Z,16,16,Jupyter Notebook,True,True,MIT License
hugobowne,hugobowne/bio-headshot,2022-03-20T01:52:18Z,1,1,,True,True,The Unlicense
hugobowne,hugobowne/cloud-scanner,2019-05-03T15:28:52Z,0,0,Python,True,True,MIT License
hugobowne,hugobowne/course-v3,2019-07-26T15:12:09Z,1,1,Jupyter Notebook,True,True,Apache License 2.0
hugobowne,hugobowne/courses-intro-to-r,2017-06-08T16:40:17Z,2,2,R,True,True,
hugobowne,hugobowne/courses-tidy-data-in-python,2016-07-01T17:15:49Z,2,2,Jupyter Notebook,True,True,
hugobowne,hugobowne/COVID-19-EDA-tutorial,2020-06-11T06:31:08Z,8,8,,True,True,MIT License
hugobowne,hugobowne/data-carpentry-r-ecology-lesson-datacamp,2017-03-30T12:36:31Z,0,0,,True,True,
hugobowne,hugobowne/data-testing-tutorial,2017-05-12T15:30:50Z,3,3,Jupyter Notebook,True,True,MIT License
hugobowne,hugobowne/datashader,2016-02-09T19:30:12Z,0,0,Python,True,True,"BSD 3-Clause ""New"" or ""Revised"" License"
hugobowne,hugobowne/deep-learning-from-scratch-pytorch,2020-04-19T02:06:01Z,113,113,Jupyter Notebook,True,True,MIT License
hugobowne,hugobowne/docusaurus,2022-06-02T05:19:21Z,0,0,,True,False,MIT License
hugobowne,hugobowne/first-multimodal-genAI-app,2024-08-03T02:14:07Z,8,8,Jupyter Notebook,True,True,MIT License
hugobowne,hugobowne/full-stack-ml-metaflow-corise-week-2,2023-05-02T00:07:23Z,3,3,Jupyter Notebook,True,False,
hugobowne,hugobowne/full-stack-ml-metaflow-corise-week-3,2023-11-01T00:42:28Z,0,0,,True,False,
hugobowne,hugobowne/full-stack-ml-metaflow-corise-week-4,2023-11-08T01:29:31Z,0,0,,True,False,
hugobowne,hugobowne/gdelt_download,2014-04-15T18:15:30Z,0,0,Python,True,True,
hugobowne,hugobowne/hugo-blog,2024-03-24T18:31:57Z,0,0,HTML,True,True,
hugobowne,hugobowne/hugobowne.github.io,2015-11-12T06:41:27Z,2,2,HTML,True,True,Apache License 2.0
hugobowne,hugobowne/investa_gator_v2,2015-08-28T03:23:15Z,0,0,CSS,True,True,
hugobowne,hugobowne/keras-io,2022-02-17T01:00:54Z,0,0,,True,True,Apache License 2.0
hugobowne,hugobowne/machine-learning-in-r,2018-05-23T05:50:36Z,1,1,HTML,True,True,MIT License
hugobowne,hugobowne/machine-learning-r,2018-06-21T14:48:30Z,4,4,Python,True,True,Other
hugobowne,hugobowne/machine_learning_techniques,2014-04-26T21:26:52Z,30,30,Jupyter Notebook,True,True,
hugobowne,hugobowne/malone_OpenDataSciCon,2015-11-15T23:48:57Z,0,0,,True,True,"BSD 3-Clause ""New"" or ""Revised"" License"
hugobowne,hugobowne/Network-Analysis-Made-Simple,2016-06-28T13:57:02Z,4,4,Jupyter Notebook,True,True,MIT License
hugobowne,hugobowne/noworkflow,2015-11-19T20:46:51Z,0,0,Python,True,True,MIT License
stevemao,stevemao/0126af95c0e2d9b0a7c78738c4c00a860b04acc8,2015-10-27T22:26:33Z,12,12,JavaScript,True,True,MIT License
stevemao,stevemao/2048,2014-05-16T00:54:06Z,1,1,CSS,True,True,MIT License
stevemao,stevemao/3015_fall_13,2019-12-20T04:17:34Z,0,0,TeX,True,True,
stevemao,stevemao/3d-game-shaders-for-beginners,2020-03-09T22:39:30Z,0,0,,True,False,"BSD 3-Clause ""New"" or ""Revised"" License"
stevemao,stevemao/a-test-repo,2016-03-02T09:03:23Z,1,1,JavaScript,True,True,
stevemao,stevemao/aeson,2024-06-04T13:24:06Z,0,0,,True,False,Other
stevemao,stevemao/agri-digital,2018-08-02T08:58:10Z,1,1,JavaScript,True,True,
stevemao,stevemao/ama,2015-07-09T03:50:44Z,1,1,,True,True,
stevemao,stevemao/amazonka,2022-06-15T08:21:37Z,1,1,,True,False,Other
stevemao,stevemao/angular,2015-08-03T13:21:16Z,1,1,TypeScript,True,True,Apache License 2.0
stevemao,stevemao/angular-dynamic-attrs-directive,2015-11-11T06:55:52Z,1,1,JavaScript,True,True,
stevemao,stevemao/angular-hint,2014-11-06T04:47:28Z,1,1,,True,False,
stevemao,stevemao/angular-ical,2015-05-13T07:27:13Z,3,3,JavaScript,True,True,
stevemao,stevemao/angular-loading,2015-04-20T00:22:49Z,1,1,HTML,True,True,MIT License
stevemao,stevemao/angular-markdown-directive,2014-09-22T03:30:09Z,1,1,JavaScript,True,True,
stevemao,stevemao/angular-PapaParse,2015-05-13T01:38:11Z,11,11,JavaScript,True,True,
stevemao,stevemao/angular.js,2015-03-01T07:10:58Z,1,1,JavaScript,True,True,MIT License
stevemao,stevemao/append-loader,2017-05-30T06:49:41Z,1,1,JavaScript,True,True,
stevemao,stevemao/applied-fp-course,2019-12-02T04:08:55Z,0,0,Haskell,True,True,Other
stevemao,stevemao/array-ify,2015-06-14T23:21:56Z,5,5,JavaScript,True,True,MIT License
stevemao,stevemao/array-includes-all-elements-in-array,2017-11-27T06:59:40Z,1,1,JavaScript,True,True,
stevemao,stevemao/array-includes-one-element-in-array,2017-11-27T06:54:29Z,1,1,JavaScript,True,True,
stevemao,stevemao/array-union,2016-07-09T09:44:15Z,1,1,JavaScript,True,False,MIT License
stevemao,stevemao/ascii-morph,2016-11-16T22:11:33Z,1,1,JavaScript,True,True,MIT License
stevemao,stevemao/assemble.io,2016-07-02T10:30:45Z,1,1,CSS,True,True,Other
stevemao,stevemao/atari-ai,2016-05-30T11:11:24Z,1,1,,True,True,
stevemao,stevemao/atom-wordcount,2015-08-11T00:12:00Z,1,1,CoffeeScript,True,True,MIT License
stevemao,stevemao/atomlinter.github.io,2015-08-06T00:48:55Z,1,1,JavaScript,True,True,Apache License 2.0
stevemao,stevemao/australia-postcodes,2016-01-28T04:02:31Z,1,1,,True,True,
stevemao,stevemao/autobind-decorator,2016-09-20T07:34:36Z,2,2,JavaScript,True,True,
kaloraat,kaloraat/become-a-master-of-javascript,2018-01-20T11:32:24Z,0,0,HTML,True,True,
kaloraat,kaloraat/bootstrap,2023-06-12T16:53:05Z,0,0,HTML,True,True,
kaloraat,kaloraat/ecommerce,2019-06-15T03:25:29Z,7,7,JavaScript,True,True,
kaloraat,kaloraat/ecommerce-front,2019-06-15T03:28:39Z,12,12,JavaScript,True,True,
kaloraat,kaloraat/graphql-react-node,2020-05-22T11:27:42Z,13,13,JavaScript,True,True,
kaloraat,kaloraat/htmlcssbootstrap,2023-04-14T00:55:02Z,0,0,HTML,True,True,
kaloraat,kaloraat/kaloraat,2021-12-31T04:41:19Z,6,6,JavaScript,True,True,
kaloraat,kaloraat/larablog,2018-03-10T03:15:55Z,11,11,PHP,True,True,
kaloraat,kaloraat/laravel-blog-udemy,2017-01-09T11:07:54Z,5,5,,True,True,
kaloraat,kaloraat/laravel-nuxt-udemy,2018-10-26T21:46:27Z,11,11,,True,True,
kaloraat,kaloraat/laravel-react,2018-04-10T13:36:50Z,12,12,PHP,True,True,
kaloraat,kaloraat/laravel-react-crud,2018-04-22T06:27:12Z,16,16,PHP,True,True,
kaloraat,kaloraat/laravel_nuxt,2018-12-07T13:47:33Z,26,26,PHP,True,True,
kaloraat,kaloraat/mern-auth-bundle,2019-11-04T10:23:05Z,49,49,JavaScript,True,True,
kaloraat,kaloraat/mern-auth-client,2019-11-03T04:06:52Z,17,17,JavaScript,True,True,
kaloraat,kaloraat/mern-bootcamp,2021-08-16T12:27:49Z,22,22,JavaScript,True,True,
kaloraat,kaloraat/mern-client,2022-03-17T00:39:32Z,5,5,CSS,True,True,
kaloraat,kaloraat/mern-server,2022-03-17T00:31:58Z,3,3,JavaScript,True,True,
kaloraat,kaloraat/mern-stack-chat-client,2021-11-20T15:36:50Z,4,4,JavaScript,True,True,
kaloraat,kaloraat/mern-stack-chat-server,2021-11-20T15:29:29Z,0,0,JavaScript,True,True,
kaloraat,kaloraat/merncms-code1,2022-04-05T04:01:40Z,5,5,CSS,True,True,
kaloraat,kaloraat/merncms-code2,2022-05-19T00:19:18Z,1,1,CSS,True,True,
kaloraat,kaloraat/merncms-code3,2022-05-19T00:26:55Z,5,5,CSS,True,True,
kaloraat,kaloraat/metn-auth-api,2019-11-03T04:04:48Z,19,19,JavaScript,True,True,
kaloraat,kaloraat/newsoftheday,2018-01-05T00:42:39Z,0,0,HTML,True,True,
kaloraat,kaloraat/next-static,2019-03-13T11:49:14Z,0,0,JavaScript,True,True,
kaloraat,kaloraat/nexthooks,2019-03-21T11:47:00Z,9,9,JavaScript,True,True,
kaloraat,kaloraat/nextjs-firebase-auth,2020-12-26T21:16:04Z,8,8,,True,True,
kaloraat,kaloraat/node-aws-test,2019-12-03T02:07:32Z,1,1,JavaScript,True,True,
kaloraat,kaloraat/node-cloudinary-sendgrid-server,2019-12-14T13:57:47Z,5,5,JavaScript,True,True,
iann0036,iann0036/.github,2022-05-18T13:05:49Z,0,0,,True,True,
iann0036,iann0036/actions2aws,2021-02-28T04:58:32Z,1,1,Go,True,True,MIT License
iann0036,iann0036/advisory-database,2024-02-15T01:20:54Z,0,0,,True,False,Creative Commons Attribution 4.0 International
iann0036,iann0036/airjargon,2021-09-26T08:15:07Z,1,1,HTML,True,True,MIT License
iann0036,iann0036/amazon-connect-cfn,2019-05-07T12:21:17Z,35,35,JavaScript,False,False,MIT License
iann0036,iann0036/amazon-kinesis-video-streams-producer-sdk-cpp,2017-12-17T04:36:00Z,0,0,C++,True,False,Other
iann0036,iann0036/aurora-activity-streams-sechub,2019-06-04T13:40:19Z,5,5,Python,False,False,MIT License
iann0036,iann0036/auto-capacity-reservations,2020-01-28T08:33:54Z,14,14,Python,True,True,MIT License
iann0036,iann0036/aws-account-controller,2019-05-15T10:37:56Z,344,344,JavaScript,True,True,MIT License
iann0036,iann0036/aws-bill-export,2020-04-19T00:22:48Z,59,59,JavaScript,True,True,MIT License
iann0036,iann0036/aws-cfnreturns,2017-11-12T07:30:00Z,0,0,Python,True,True,MIT License
iann0036,iann0036/aws-cloud9-user-guide,2018-06-26T11:09:48Z,0,0,Python,True,False,Other
iann0036,iann0036/aws-cloudformation-coverage-roadmap,2019-07-31T05:45:51Z,0,0,,True,False,Creative Commons Attribution Share Alike 4.0 International
iann0036,iann0036/aws-cloudformation-resource-providers-codeartifact,2020-08-02T00:17:22Z,0,0,,True,True,Apache License 2.0
iann0036,iann0036/aws-cloudformation-resource-providers-ses,2020-01-16T06:04:31Z,0,0,Java,True,False,Apache License 2.0
iann0036,iann0036/aws-cloudformation-resource-schema,2020-01-22T21:40:39Z,0,0,,True,False,Apache License 2.0
iann0036,iann0036/aws-cloudformation-rpdk-go-plugin,2019-11-19T23:28:57Z,0,0,Go,True,False,Apache License 2.0
iann0036,iann0036/aws-cloudformation-user-guide,2018-03-13T23:44:16Z,0,0,,True,False,Other
iann0036,iann0036/aws-erd,2018-02-06T12:38:34Z,9,9,JavaScript,True,True,
iann0036,iann0036/aws-id3-timed-metadata-with-elemental,2021-07-25T14:29:28Z,0,0,JavaScript,False,False,MIT License
iann0036,iann0036/aws-lambda-runtime-interface-emulator,2023-08-03T01:58:17Z,0,0,,True,False,Apache License 2.0
iann0036,iann0036/aws-leastprivilege,2019-12-18T00:26:30Z,110,110,Python,True,True,MIT License
iann0036,iann0036/aws-pagination-rules,2019-10-16T22:50:11Z,66,66,,True,True,MIT License
iann0036,iann0036/aws-sdk-go-v2,2024-10-29T07:00:20Z,0,0,,True,False,Apache License 2.0
iann0036,iann0036/aws-sdk-serviceworker,2022-01-06T06:15:12Z,3,3,JavaScript,True,False,Apache License 2.0
iann0036,iann0036/AWS-things,2019-09-05T00:15:29Z,1,1,,True,True,
iann0036,iann0036/aws-xray-sdk-go,2022-06-17T08:32:47Z,0,0,Go,True,False,Apache License 2.0
iann0036,iann0036/aws.permissions.cloud,2021-05-22T10:58:46Z,88,88,JavaScript,False,False,MIT License
iann0036,iann0036/AWSConsoleRecorder,2018-10-02T00:40:14Z,1426,1426,CSS,False,False,MIT License
iann0036,iann0036/AWSConsoleRecorderGenerator,2018-10-03T10:20:45Z,101,101,JavaScript,True,True,
